{
  "name": "factorized",
  "description": "Inference (ans)",
  "results": {
    "psnr": [
        26.495947760858524,
        29.40959249248014,
        32.55059390557589,
        35.98190906716456
    ],
    "ms-ssim": [
        0.8983023265997568,
        0.9452086091041565,
        0.9717862258354822,
        0.9877273316184679
    ],
    "bpp": [
        0.174163818359375,
        0.3471171061197917,
        0.6593797471788195,
        1.161007351345486
    ],
    "encoding_time": [
        0.2530326048533122,
        0.25301939249038696,
        0.256707767645518,
        0.23156943917274475
    ],
    "decoding_time": [
        0.170426607131958,
        0.15635173519452414,
        0.1564570963382721,
        0.16320321957270303
    ]
  }
}