{
  "name": "factorized1",
  "description": "Inference (ans)",
  "results": {
    "psnr": [
        27.116108036392372,
        29.77110466803129,
        32.69982183579313,
        36.02574438405389
    ],
    "ms-ssim": [
        0.9085722168286642,
        0.948751650750637,
        0.9741023431221644,
        0.9881166890263557
    ],
    "bpp": [
        0.13278198242187497,
        0.2936672634548611,
        0.5854017469618055,
        1.0652262369791665
    ],
    "encoding_time": [
        0.07032824556032817,
        0.07195772727330525,
        0.07372784614562988,
        0.07697766025861104
    ],
    "decoding_time": [
        0.04242211580276489,
        0.04350407918294271,
        0.0483420193195343,
        0.053354899088541664
    ]
  }
}