{
  "name": "hyperprior",
  "description": "Inference (ans)",
  "results": {
    "psnr": [
        27.597371007353214,
        30.555388017014092,
        33.53108494188209,
        36.96748243677488
    ],
    "ms-ssim": [
        0.9160220598181089,
        0.9544670035441717,
        0.9764691516757011,
        0.9892008105913798
    ],
    "bpp": [
        0.13722398546006945,
        0.29367404513888895,
        0.5611029730902779,
        0.9757893880208335
    ],
    "encoding_time": [
        0.0840437908967336,
        0.08087803920110066,
        0.0874862273534139,
        0.08337496717770894
    ],
    "decoding_time": [
        0.05243238806724548,
        0.05200999975204468,
        0.05885013937950134,
        0.05354068676630656
    ]
  }
}