{
  "name": "joint_autogressive",
  "description": "Inference (ans)",
  "results": {
    "psnr": [
        28.03662929067627,
        30.92422993906007,
        33.75728460950948,
        36.44887683754357
    ],
    "ms-ssim": [
        0.9185549393296242,
        0.9575454145669937,
        0.9781404435634613,
        0.9888849332928658
    ],
    "bpp": [
        0.11934068467881943,
        0.2611050075954861,
        0.5152926974826387,
        0.8751729329427084
    ],
    "encoding_time": [
        3.1323897540569305,
        4.542243331670761,
        3.724884887536367,
        2.901195844014486
    ],
    "decoding_time": [
        7.534356653690338,
        8.774299959341684,
        8.001883119344711,
        7.176942080259323
    ]
  }
}