{
  "name": "factorized",
  "description": "Inference (ans)",
  "results": {
    "psnr": [
      32.55059390557589
    ],
    "ms-ssim": [
      0.9717862258354822
    ],
    "bpp": [
      0.6593797471788195
    ],
    "encoding_time": [
      0.256707767645518
    ],
    "decoding_time": [
      0.1564570963382721
    ]
  }
}