{
  "name": "factorized1",
  "description": "Inference (ans)",
  "results": {
    "psnr": [
      29.77110466803129
    ],
    "ms-ssim": [
      0.948751650750637
    ],
    "bpp": [
      0.2936672634548611
    ],
    "encoding_time": [
      0.07195772727330525
    ],
    "decoding_time": [
      0.04350407918294271
    ]
  }
}