{
  "name": "hyperprior",
  "description": "Inference (ans)",
  "results": {
    "psnr": [
      30.555388017014092
    ],
    "ms-ssim": [
      0.9544670035441717
    ],
    "bpp": [
      0.29367404513888895
    ],
    "encoding_time": [
      0.08087803920110066
    ],
    "decoding_time": [
      0.05200999975204468
    ]
  }
}