{
  "name": "joint_autogressive",
  "description": "Inference (ans)",
  "results": {
    "psnr": [
      30.92422993906007
    ],
    "ms-ssim": [
      0.9575454145669937
    ],
    "bpp": [
      0.2611050075954861
    ],
    "encoding_time": [
      4.542243331670761
    ],
    "decoding_time": [
      8.774299959341684
    ]
  }
}