{
  "name": "joint_autogressive",
  "description": "Inference (ans)",
  "results": {
    "psnr": [
      28.03662929067627
    ],
    "ms-ssim": [
      0.9185549393296242
    ],
    "bpp": [
      0.11934068467881943
    ],
    "encoding_time": [
      3.1323897540569305
    ],
    "decoding_time": [
      7.534356653690338
    ]
  }
}